Carimbo de data/hora,Qual sua idade? ,Voc√™ se identifica como:,Voc√™ atualmente,"Se voc√™ estuda, onde voc√™ estuda? (ex: ufpb, unipe, ufpe, uepb...)",Em qual estado voc√™ mora?,Voc√™ j√° ouviu falar na express√£o ‚Äúcrise dos 20 anos‚Äù?,Voc√™ sente a necessidade de ser produtivo no seu dia e se culpa se n√£o for?,Voc√™ sente que as redes sociais te influ√™ncia na produtividade do seu dia?,Com que frequ√™ncia voc√™ se sente perdido(a) em rela√ß√£o ao futuro?,Quais desses sentimentos voc√™ j√° teve nos √∫ltimos meses? (marque todos os que se aplicam),Voc√™ j√° teve d√∫vidas se est√° no curso/carreira certa?,Voc√™ j√° pensou em desistir da faculdade ou trocar de curso?,Voc√™ tem clareza sobre seus planos para os pr√≥ximos 5 anos?,Com que frequ√™ncia voc√™ se compara com colegas da sua idade nas redes sociais? ,Voc√™ sente que est√° ficando ‚Äúpara tr√°s‚Äù em rela√ß√£o a outras pessoas da sua idade?,Voc√™ j√° buscou ajuda profissional para lidar com inseguran√ßas ou crises pessoais? ,A universidade ou seu meio social oferece apoio emocional suficiente?,"Voc√™ sente que suas rela√ß√µes pessoais mudaram  nessa fase da vida? (ex: amizades, famil√≠a ou rela√ß√µes amorosas)",Se puder fale um pouco sobre essas mudan√ßas (exemplo: n√£o conseguir conciliar vida social e academica),Quando voc√™ era crian√ßa imaginava estar como √© hoje?,Se  puder fale um pouco sobre isso
14/07/2025 21:18:32,20,Homem,Estuda e trabalha,UFPB,Para√≠ba ,Sim,Sim,Sim,5,"Ansiedade sobre o futuro, Medo de fazer escolhas erradas, Sentimento de fracasso, Compara√ß√£o com outras pessoas, Falta de prop√≥sito, Vontade de recome√ßar do zero",Sim,N√£o,N√£o fa√ßo ideia,5,Sim,"Tenho vontade, mas n√£o tenho acesso",N√£o,Sim,,Em parte,
14/07/2025 21:19:23,19,Mulher,Estuda,UFPB,pb,"J√° ouvi, mas n√£o sei exatamente o que √©",Sim,Sim,4,"Ansiedade sobre o futuro, Medo de fazer escolhas erradas, Sentimento de fracasso, Compara√ß√£o com outras pessoas, Falta de prop√≥sito, Vontade de recome√ßar do zero",Sim,Sim,Tenho uma ideia geral,4,Sim,N√£o,Nunca parei pra pensar nisso,Sim,"n√£o consegui conciliar bem as duas faculdades que eu fazia. agora, sinto que n√£o consigo ser minha melhor vers√£o pra todas as pessoas",Em parte,"fiz o curso que eu sonhava, mas minha vida n√£o ta como eu quero "
14/07/2025 21:19:27,20,Mulher,Estuda e trabalha,UFPB,Para√≠ba,Sim,Sim,Sim,5,"Ansiedade sobre o futuro, Medo de fazer escolhas erradas, Sentimento de fracasso, Compara√ß√£o com outras pessoas, Falta de prop√≥sito, Vontade de recome√ßar do zero",Sim,Sim,Tenho uma ideia geral,3,Sim,"Tenho vontade, mas n√£o tenho acesso",Sim,Sim,,N√£o,
14/07/2025 21:21:01,20,Mulher,Estuda e trabalha,UFPB,Pb,Sim,Sim,Sim,4,"Ansiedade sobre o futuro, Medo de fazer escolhas erradas, Sentimento de fracasso, Compara√ß√£o com outras pessoas, Falta de prop√≥sito, Vontade de recome√ßar do zero",Sim,Talvez,Tenho uma ideia geral,5,Sim,Sim,N√£o,Sim,,N√£o,
14/07/2025 21:24:14,20,Outro,Estuda,UFPB,Para√≠ba ,Sim,Sim,Sim,4,"Ansiedade sobre o futuro, Medo de fazer escolhas erradas, Compara√ß√£o com outras pessoas, Vontade de recome√ßar do zero",Sim,Sim,Tenho uma ideia geral,2,Sim,N√£o,Sim,Sim,,Em parte,
14/07/2025 21:26:35,20,Homem,Estuda,UFPB,Para√≠ba,Sim,Sim,Sim,5,"Ansiedade sobre o futuro, Medo de fazer escolhas erradas, Sentimento de fracasso, Compara√ß√£o com outras pessoas, Falta de prop√≥sito, Vontade de recome√ßar do zero",Sim,Sim,N√£o fa√ßo ideia,5,Sim,Sim,N√£o,Sim,,Sim,
14/07/2025 21:27:44,21,Homem,Estuda,UFPB,Para√≠ba ,Sim,Sim,Sim,3,"Ansiedade sobre o futuro, Medo de fazer escolhas erradas, Compara√ß√£o com outras pessoas",Sim,Sim,Tenho uma ideia geral,4,N√£o,Sim,Sim,Sim,"√© muito complicado conciliar vida social com a acad√™mica, em faculdades federais voce tem que estudar bastante sen√£o fica muito pra tr√°s durante a trajet√≥ria do curso. Ent√£o √© bem dif√≠cil voc√™ ter tempo para outras coisas a n√£o ser comer, dormir, estudar, academia e afazeres da casa",N√£o,"nem pensar que eu me imaginaria mudando de cidade pra fazer faculdade em um Estado onde s√≥ tem meu primo e eu estou longe da minha fam√≠lia. Pensei que a vida seria mais f√°cil em geral, mas √© s√≥ o come√ßo de muita dificuldade "
14/07/2025 21:28:41,23,Homem,Estuda e trabalha,IFSP,S√£o Paulo,Sim,Sim,Sim,4,"Ansiedade sobre o futuro, Medo de fazer escolhas erradas, Sentimento de fracasso, Compara√ß√£o com outras pessoas, Falta de prop√≥sito, Vontade de recome√ßar do zero",Sim,Sim,Tenho uma ideia geral,5,Sim,N√£o,N√£o,Sim,"N√£o conseguir conciliar vida social e acad√™mica, n√£o ter tempo pra fazer terapia, n√£o ter tempo para certos hobbies, achar que um relacionamento iria gastar muito tempo.",Em parte,
14/07/2025 21:29:23,19,Mulher,Estuda e trabalha,UFPB,PB,Sim,Sim,Sim,3,"Ansiedade sobre o futuro, Medo de fazer escolhas erradas, Compara√ß√£o com outras pessoas, Falta de prop√≥sito",Sim,N√£o,Tenho uma ideia geral,2,N√£o,Sim,N√£o,Sim,"Saio menos no final de semana, encontro com menos amigos, fa√ßo menos liga√ß√µes longas",Em parte,"Eu nunca soube o que queria ser, mas sabia que queria ser artista. Era meu √∫nico talento e no que eu me apegava. Cresci e me apaixonei por design e outras m√≠dias. Mas me sinto afastada do meu prop√≥sito. Me sinto mais uma engrenagem de um sistema do que uma mente pensante de fato."
14/07/2025 21:30:21,22,Mulher,Estuda,UFPB,Para√≠ba ,Sim,Sim,Sim,3,"Ansiedade sobre o futuro, Medo de fazer escolhas erradas, Sentimento de fracasso, Compara√ß√£o com outras pessoas",Sim,Talvez,Tenho uma ideia geral,5,Sim,"Tenho vontade, mas n√£o tenho acesso",Nunca parei pra pensar nisso,Sim,,N√£o,
14/07/2025 21:31:36,20,Mulher,Trabalha,,paraiba,"J√° ouvi, mas n√£o sei exatamente o que √©",Sim,Sim,5,"Ansiedade sobre o futuro, Sentimento de fracasso, Compara√ß√£o com outras pessoas, Falta de prop√≥sito",Sim,Talvez,N√£o fa√ßo ideia,3,Sim,Sim,Nunca parei pra pensar nisso,Sim,,N√£o,
14/07/2025 21:32:27,19,Mulher,Estuda e trabalha,UFPB,Para√≠ba,"J√° ouvi, mas n√£o sei exatamente o que √©",Sim,Sim,3,"Ansiedade sobre o futuro, Sentimento de fracasso, Compara√ß√£o com outras pessoas, Vontade de recome√ßar do zero",N√£o,N√£o,Tenho uma ideia geral,4,Sim,Sim,Nunca parei pra pensar nisso,Sim,,Sim,
14/07/2025 21:33:27,20,Homem,Estuda,UFPB,PB,Sim,Sim,Sim,3,"Ansiedade sobre o futuro, Medo de fazer escolhas erradas, Sentimento de fracasso, Compara√ß√£o com outras pessoas",N√£o,N√£o,Tenho uma ideia geral,5,N√£o,Sim,N√£o,Sim,,N√£o,
14/07/2025 21:34:10,18,Homem,Estuda e trabalha,FACENE,Para√≠ba,"J√° ouvi, mas n√£o sei exatamente o que √©",Sim,Sim,4,"Ansiedade sobre o futuro, Medo de fazer escolhas erradas, Sentimento de fracasso, Compara√ß√£o com outras pessoas, Falta de prop√≥sito",Sim,Sim,Tenho uma ideia geral,3,Sim,N√£o,Nunca parei pra pensar nisso,Sim,"Eu sinto que n√£o to seguindo o caminho que t√° sendo minha vontade, eu tenho medo que no futuro eu me decepcione em n√£o ligar para mim e morrer sem um prop√≥sito ",Em parte,
14/07/2025 21:35:02,18 anos,Mulher,Estuda,IFPB,Para√≠ba,Sim,Sim,Sim,4,"Ansiedade sobre o futuro, Medo de fazer escolhas erradas, Sentimento de fracasso, Compara√ß√£o com outras pessoas, Falta de prop√≥sito, Vontade de recome√ßar do zero",Sim,Sim,Tenho uma ideia geral,4,Sim,Sim,N√£o,Sim,"A vida acad√™mica cobra excessivamente e isso acaba afetando as outras √°reas da vida, no geral. ",Em parte,"Quando crian√ßa eu imaginava ser como hoje, mas acredito que ter apoio emocional auxiliaria a ter mais conhecimento acerca dessa fase. "
14/07/2025 21:36:05,23,Homem,Estuda,UFPE,Rio Grande do Norte ,Sim,Sim,Sim,5,"Ansiedade sobre o futuro, Medo de fazer escolhas erradas, Sentimento de fracasso, Compara√ß√£o com outras pessoas, Falta de prop√≥sito, Vontade de recome√ßar do zero",Sim,Sim,Tenho uma ideia geral,4,Sim,"Tenho vontade, mas n√£o tenho acesso",N√£o,Sim,"Minha perspectiva na fase dos 20 mudou bastante, principalmente porque passei a ter mais maturidade e a reconhecer quem s√£o meus amigos de verdade e quem s√£o apenas colegas. Em rela√ß√£o √† minha fam√≠lia, depois de passar por alguns problemas, percebi que nem todos ali te apoiam sempre ‚Äî e tudo bem. √Äs vezes isso desanima, mas tento transformar em motiva√ß√£o.",N√£o,"Costumo pensar muito sobre meu futuro e, por n√£o trabalhar, √†s vezes me sinto um peso para minha fam√≠lia. Mesmo com o apoio financeiro dos meus pais, me cobro bastante e sinto que n√£o mere√ßo isso. J√° questionei se estava no curso certo, pois Turismo n√£o era minha primeira op√ß√£o, mas hoje me sinto feliz com a escolha e quero seguir nessa √°rea. Aprendi muito desde os 18 anos, j√° me comparei com os outros, mas entendo que cada um tem sua pr√≥pria luta. Atualmente lido bem com essa crise, embora j√° tenha passado por momentos dif√≠ceis."
14/07/2025 21:41:06,22,Homem,Estuda,UFPB,Para√≠ba,Sim,Sim,Sim,3,"Ansiedade sobre o futuro, Medo de fazer escolhas erradas, Falta de prop√≥sito",N√£o,N√£o,Tenho uma ideia geral,4,N√£o,Sim,Nunca parei pra pensar nisso,Sim,,Sim,
14/07/2025 21:42:02,20,Homem,Estuda e trabalha,UFPB,Para√≠ba,Sim,Sim,Sim,5,"Ansiedade sobre o futuro, Medo de fazer escolhas erradas, Sentimento de fracasso, Compara√ß√£o com outras pessoas, Falta de prop√≥sito",Sim,Sim,N√£o fa√ßo ideia,5,Sim,"Tenho vontade, mas n√£o tenho acesso",N√£o,N√£o,,N√£o,
14/07/2025 21:51:53,21,Homem,Estuda,UFPB,Para√≠ba,Sim,Sim,Sim,4,"Ansiedade sobre o futuro, Medo de fazer escolhas erradas, Sentimento de fracasso, Compara√ß√£o com outras pessoas, Falta de prop√≥sito, Vontade de recome√ßar do zero",Sim,Talvez,Tenho uma ideia geral,3,Sim,Sim,Nunca parei pra pensar nisso,Sim,"√â tudo muito superficial e intenso ao mesmo tempo. N√£o consigo desenvolver minhas rela√ß√µes da forma que gostaria, e isso acaba comigo",N√£o,
14/07/2025 22:01:54,20,Mulher,Estuda,UNIPE,para√≠ba ,Sim,Sim,Sim,5,"Ansiedade sobre o futuro, Medo de fazer escolhas erradas, Sentimento de fracasso, Compara√ß√£o com outras pessoas, Falta de prop√≥sito, Vontade de recome√ßar do zero",Sim,Sim,Tenho uma ideia geral,4,Sim,Sim,Nunca parei pra pensar nisso,Sim,"as vezes n√£o consigo focar em todas as √°reas da minha vida ao mesmo tempo, fico confusa ",Em parte,
14/07/2025 22:07:48,19,Homem,Estuda,UNIPE,Para√≠ba ,"J√° ouvi, mas n√£o sei exatamente o que √©",Sim,Sim,5,"Ansiedade sobre o futuro, Medo de fazer escolhas erradas, Sentimento de fracasso, Compara√ß√£o com outras pessoas, Falta de prop√≥sito, Vontade de recome√ßar do zero",Sim,Sim,N√£o fa√ßo ideia,2,Sim,N√£o,Nunca parei pra pensar nisso,Sim,,N√£o,
14/07/2025 22:10:13,20,Homem,Estuda,UNIPE,Pb,"J√° ouvi, mas n√£o sei exatamente o que √©",Sim,Sim,4,"Ansiedade sobre o futuro, Medo de fazer escolhas erradas, Sentimento de fracasso, Compara√ß√£o com outras pessoas, Falta de prop√≥sito, Vontade de recome√ßar do zero",Sim,Sim,Tenho uma ideia geral,2,Sim,Sim,Nunca parei pra pensar nisso,Sim,,Em parte,
14/07/2025 22:11:30,20,Mulher,Estuda e trabalha,UFPB,Para√≠ba ,Sim,Sim,N√£o,4,"Ansiedade sobre o futuro, Medo de fazer escolhas erradas, Sentimento de fracasso, Compara√ß√£o com outras pessoas, Falta de prop√≥sito, Vontade de recome√ßar do zero",Sim,Sim,Tenho uma ideia geral,4,Sim,"Tenho vontade, mas n√£o tenho acesso",N√£o,Sim,"n√£o consigo conciliar trabalho, estudos e rela√ß√µes no geral seja amorosa, amizades ou fam√≠liar e isso me abala bastante",Em parte,minhas decis√µes mudaram completamente a minha pessoa atualmente comparada a quem eu pensava que iria ser quando crian√ßa. 
14/07/2025 22:11:42,20,Mulher,Estuda e trabalha,UNIPE,pb,N√£o,Sim,Sim,5,"Ansiedade sobre o futuro, Medo de fazer escolhas erradas, Compara√ß√£o com outras pessoas, Falta de prop√≥sito, Vontade de recome√ßar do zero",Sim,Sim,Tenho uma ideia geral,5,Sim,N√£o,N√£o,Sim,,N√£o,
14/07/2025 22:13:35,20,Mulher,Estuda e trabalha,UFPB,Pb,Sim,N√£o,N√£o,2,Compara√ß√£o com outras pessoas,N√£o,N√£o,Tenho uma ideia geral,2,N√£o,N√£o,Sim,Sim,"Apenas no sentido de conseguir separar de melhor forma o que √© minha vida profissional,  acad√™mica e pessoal. Quando as coisas s√£o se confundem, tudo flui melhor.",Em parte,
14/07/2025 22:18:10,20 anos,Mulher,Estuda e trabalha,IFPB,Para√≠ba ,Sim,Sim,Sim,5,"Ansiedade sobre o futuro, Medo de fazer escolhas erradas, Sentimento de fracasso, Compara√ß√£o com outras pessoas, Falta de prop√≥sito",Sim,Sim,Tenho uma ideia geral,3,Sim,"Tenho vontade, mas n√£o tenho acesso",N√£o,Sim,,Em parte,
14/07/2025 22:23:10,20,Mulher,Estuda,SOU VESTIBULANDA,Jo√£o Pessoa,Sim,Sim,Sim,3,"Ansiedade sobre o futuro, Medo de fazer escolhas erradas, Sentimento de fracasso, Compara√ß√£o com outras pessoas, Falta de prop√≥sito, Vontade de recome√ßar do zero",Sim,Sim,Tenho uma ideia geral,4,Sim,"Tenho vontade, mas n√£o tenho acesso",N√£o,Sim,"As vezes nao consigo conciliar minha vida social com os estudos, estressada com a minha familia e amigos",Em parte,"Quando eu era crian√ßa esperava com 20 anos ja ter conquistado meu emprego, meu curso e ja esta dirigindo "
14/07/2025 22:31:59,22 üò≠üò≠üò≠,Homem,Estuda,UFPB,PB,Sim,Sim,Sim,5,"Ansiedade sobre o futuro, Medo de fazer escolhas erradas, Sentimento de fracasso, Compara√ß√£o com outras pessoas, Falta de prop√≥sito, Vontade de recome√ßar do zero",Sim,Sim,N√£o fa√ßo ideia,3,Sim,Sim,Nunca parei pra pensar nisso,Sim,,N√£o,
15/07/2025 00:15:43,20,Mulher,Estuda e trabalha,UFPB,PB,Sim,Sim,Sim,4,"Ansiedade sobre o futuro, Medo de fazer escolhas erradas, Compara√ß√£o com outras pessoas, Falta de prop√≥sito",Sim,Sim,Tenho uma ideia geral,5,Sim,Sim,N√£o,Sim,,Em parte,
15/07/2025 01:26:00,21,Homem,Estuda,,Cear√° ,"J√° ouvi, mas n√£o sei exatamente o que √©",Sim,Sim,4,"Ansiedade sobre o futuro, Medo de fazer escolhas erradas, Sentimento de fracasso, Compara√ß√£o com outras pessoas, Falta de prop√≥sito, Vontade de recome√ßar do zero",Sim,Sim,"Sim, com clareza",4,Sim,"Tenho vontade, mas n√£o tenho acesso",N√£o,Sim,Ter poucos amigos que estejam na mesma fase que eu ,N√£o,N√£o estou fazendo nada que sonhei
15/07/2025 03:46:53,23,Mulher,Estuda e trabalha,UFPB,Para√≠ba ,Sim,Sim,Sim,3,"Ansiedade sobre o futuro, Medo de fazer escolhas erradas, Sentimento de fracasso, Compara√ß√£o com outras pessoas",Sim,Sim,Tenho uma ideia geral,5,Sim,Sim,N√£o,Sim,"Me afastei de alguns amigos do col√©gio por falta de tempo tanto deles quanto minha, al√©m do tempo no dia a dia ser mais apertado devido as demandas de est√°gio/faculdade",N√£o,Quando eu era crian√ßa imaginava que aos 18 j√° ia estar morando sozinha e com carro pr√≥prio kkkkkk mas aos 23 atualmente n√£o tenho condi√ß√µes financeiras de fazer isso
15/07/2025 05:38:10,21,Homem,Estuda,"FDUP - PORTO, PORTUGAL",Cidade - Porto,Sim,Sim,Sim,3,"Ansiedade sobre o futuro, Medo de fazer escolhas erradas, Compara√ß√£o com outras pessoas",Sim,Sim,Tenho uma ideia geral,4,Sim,N√£o,N√£o,N√£o,,Sim,"Imagina estar na faculdade, de resto, √© um caminho completamente diferente dos v√°rios caminhos que imaginei enquanto crian√ßa "
15/07/2025 06:35:12,19 anos,Mulher,Estuda e trabalha,UNIPE,Para√≠ba ,"J√° ouvi, mas n√£o sei exatamente o que √©",Sim,Sim,3,"Ansiedade sobre o futuro, Medo de fazer escolhas erradas, Compara√ß√£o com outras pessoas",Sim,Sim,Tenho uma ideia geral,2,N√£o,Sim,N√£o,Sim,,N√£o,
15/07/2025 07:45:26,19,Mulher,Estuda e trabalha,UFPB,Para√≠ba,Sim,Sim,Sim,3,"Ansiedade sobre o futuro, Medo de fazer escolhas erradas, Sentimento de fracasso, Compara√ß√£o com outras pessoas, Falta de prop√≥sito",Sim,Sim,Tenho uma ideia geral,3,Sim,N√£o,N√£o,Sim,Eu tenho muita dificuldade quando tento dedicar tempo pra minha fam√≠lia.,Em parte,
15/07/2025 08:07:17,20,Mulher,Estuda e trabalha,UNIPE,PB,Sim,Sim,Sim,4,"Ansiedade sobre o futuro, Medo de fazer escolhas erradas, Sentimento de fracasso, Compara√ß√£o com outras pessoas",Sim,N√£o,Tenho uma ideia geral,4,Sim,Sim,N√£o,Sim,,N√£o,
15/07/2025 08:45:35,19,Mulher,Estuda,UFPB,PB,Sim,Sim,Sim,4,"Ansiedade sobre o futuro, Medo de fazer escolhas erradas, Sentimento de fracasso, Compara√ß√£o com outras pessoas",Sim,Sim,Tenho uma ideia geral,3,Sim,N√£o,N√£o,Sim,"N√£o conseguir fazer coisas que me divirtam sem me sentir mal por n√£o estar sendo ""produtiva""",Em parte,"Eu tinha uma leve no√ß√£o, de que queria estar numa faculdade p√∫blica, estar em um curso legal, isso foi realizado, mas atualmente ainda existe a sensa√ß√£o que poderia ter feito/fazendo mais"
15/07/2025 09:22:08,23,Homem,Estuda,UFPB,Para√≠ba,N√£o,Sim,Sim,3,"Sentimento de fracasso, Compara√ß√£o com outras pessoas, Vontade de recome√ßar do zero",Sim,Sim,Tenho uma ideia geral,2,Sim,N√£o,Sim,N√£o,,Em parte,
15/07/2025 09:26:12,22,Homem,Estuda,UFPB,Para√≠ba ,"J√° ouvi, mas n√£o sei exatamente o que √©",Sim,Sim,4,"Ansiedade sobre o futuro, Medo de fazer escolhas erradas, Sentimento de fracasso, Compara√ß√£o com outras pessoas, Falta de prop√≥sito, Vontade de recome√ßar do zero",Sim,Sim,Tenho uma ideia geral,4,Sim,N√£o,N√£o,Sim,,N√£o,
15/07/2025 09:28:23,23,Homem,Estuda,UFPB,Pb,N√£o,Sim,Sim,4,"Ansiedade sobre o futuro, Sentimento de fracasso, Compara√ß√£o com outras pessoas, Falta de prop√≥sito",N√£o,Sim,Tenho uma ideia geral,5,Sim,"Tenho vontade, mas n√£o tenho acesso",N√£o,Sim,N√£o consegui construir uma base educacional boa para o curso e isso atrapalha no avan√ßar dos per√≠odos ,N√£o,
15/07/2025 09:33:48,19,Homem,Estuda,UFPB,Paraiba,N√£o,Sim,Sim,3,"Ansiedade sobre o futuro, Medo de fazer escolhas erradas, Sentimento de fracasso, Compara√ß√£o com outras pessoas",Sim,N√£o,Tenho uma ideia geral,3,Sim,"Tenho vontade, mas n√£o tenho acesso",Nunca parei pra pensar nisso,Sim,,N√£o,
15/07/2025 09:48:31,19,Homem,Estuda e trabalha,UFPB,paraiba,Sim,Sim,Sim,2,Nenhum desses,N√£o,N√£o,"Sim, com clareza",2,N√£o,Sim,N√£o,Sim,"o surgimento de uma rela√ß√£o social de trabalho, a mudan√ßa em como eu me relaciono com as pessoas em geral por consequ√™ncia de estar em um ambiente acad√™mico, com pessoas que podem ser meus futuros chefes, colegas de trabalho, etc",N√£o,"quando eu era crian√ßa, eu n pensava em ser oq eu sou nem querer oq eu quero hoje em dia kkkkkk mas n√£o necessariamente isso √© ruim, simplesmente a vida acontece e a gnt muda de opini√£o, sonhos, ambi√ß√µes e personalidade. Sou satisfeito com a minha vida atualmente, soq ela n √© nada como o meu eu de 10 anos idealizava "
15/07/2025 11:25:30,20 anos,Mulher,Trabalha,,Goias ,Sim,Sim,Sim,5,"Ansiedade sobre o futuro, Medo de fazer escolhas erradas, Sentimento de fracasso, Compara√ß√£o com outras pessoas, Falta de prop√≥sito, Vontade de recome√ßar do zero",Sim,Sim,Tenho uma ideia geral,4,Sim,"Tenho vontade, mas n√£o tenho acesso",N√£o,Sim,,Em parte,
15/07/2025 14:19:28,19,Mulher,Estuda e trabalha,PUCRS,Rio Grande Do Sul ,N√£o,Sim,Sim,3,"Ansiedade sobre o futuro, Medo de fazer escolhas erradas",Sim,Sim,Tenho uma ideia geral,1,N√£o,Sim,Nunca parei pra pensar nisso,Sim,Vida social distante por conta da vida acad√™mica e trabalho ,N√£o,Eu imaginava que estaria em outra faculdade e n√£o estaria trabalhando 
15/07/2025 14:41:07,18,Mulher,Estuda,UFPB,Para√≠ba ,"J√° ouvi, mas n√£o sei exatamente o que √©",Sim,Sim,4,"Ansiedade sobre o futuro, Medo de fazer escolhas erradas, Sentimento de fracasso, Compara√ß√£o com outras pessoas, Falta de prop√≥sito",Sim,N√£o,Tenho uma ideia geral,5,Sim,Sim,Nunca parei pra pensar nisso,Sim,,N√£o,
15/07/2025 14:45:47,19,Mulher,Estuda,UNIPE,Paraiba,N√£o,Sim,Sim,3,"Ansiedade sobre o futuro, Medo de fazer escolhas erradas, Sentimento de fracasso, Compara√ß√£o com outras pessoas",Sim,Talvez,Tenho uma ideia geral,1,N√£o,N√£o,Sim,Sim,,N√£o,
15/07/2025 15:13:13,20,Mulher,Estuda,UNIPE,Para√≠ba ,N√£o,Sim,Sim,2,"Ansiedade sobre o futuro, Medo de fazer escolhas erradas, Sentimento de fracasso, Compara√ß√£o com outras pessoas",Sim,Sim,Tenho uma ideia geral,4,Sim,Sim,Sim,Sim,Sinto que a vida acad√™mica √© muito esgotante e faz com que precise me afastar do meio social,Em parte,"Estou cursando a gradua√ß√£o que sempre quis, mas a realidade sobre as oportunidades de est√°gio e carreira √© bem mais dif√≠cil do que eu imaginava antes de come√ßar. "
15/07/2025 15:15:01,20,Mulher,Estuda e trabalha,UNIPE,para√≠ba,Sim,Sim,Sim,4,"Ansiedade sobre o futuro, Medo de fazer escolhas erradas, Sentimento de fracasso, Compara√ß√£o com outras pessoas, Falta de prop√≥sito, Vontade de recome√ßar do zero",Sim,Sim,Tenho uma ideia geral,5,Sim,Sim,Nunca parei pra pensar nisso,Sim,,Em parte,
15/07/2025 15:25:39,20,Mulher,Estuda,UNIPE,para√≠ba ,N√£o,Sim,Sim,5,"Ansiedade sobre o futuro, Medo de fazer escolhas erradas, Sentimento de fracasso, Compara√ß√£o com outras pessoas, Falta de prop√≥sito",Sim,Sim,N√£o fa√ßo ideia,5,Sim,Sim,Nunca parei pra pensar nisso,Sim,,N√£o,
15/07/2025 16:14:54,19,Mulher,Estuda e trabalha,UFPB,Para√≠ba ,Sim,Sim,Sim,3,"Ansiedade sobre o futuro, Medo de fazer escolhas erradas, Sentimento de fracasso, Compara√ß√£o com outras pessoas, Falta de prop√≥sito",Sim,Sim,Tenho uma ideia geral,5,Sim,N√£o,Sim,Sim,,N√£o,
15/07/2025 20:10:33,20,Homem,Estuda,UFPB,Para√≠ba ,Sim,Sim,Sim,3,"Ansiedade sobre o futuro, Medo de fazer escolhas erradas, Sentimento de fracasso, Compara√ß√£o com outras pessoas, Falta de prop√≥sito, Vontade de recome√ßar do zero",Sim,Sim,Tenho uma ideia geral,5,Sim,N√£o,Nunca parei pra pensar nisso,Sim,,N√£o,
16/07/2025 19:18:02,24,Mulher,Estuda,UFPB,Para√≠ba ,"J√° ouvi, mas n√£o sei exatamente o que √©",Sim,Sim,5,"Ansiedade sobre o futuro, Medo de fazer escolhas erradas, Sentimento de fracasso, Compara√ß√£o com outras pessoas, Falta de prop√≥sito, Vontade de recome√ßar do zero",Sim,Sim,N√£o fa√ßo ideia,3,Sim,Sim,N√£o,Sim,,Em parte,
16/07/2025 19:19:26,20,Mulher,Estuda,UFPB,Para√≠ba ,"J√° ouvi, mas n√£o sei exatamente o que √©",Sim,Sim,5,"Ansiedade sobre o futuro, Medo de fazer escolhas erradas, Sentimento de fracasso, Compara√ß√£o com outras pessoas, Falta de prop√≥sito, Vontade de recome√ßar do zero",Sim,Sim,Tenho uma ideia geral,5,Sim,N√£o,N√£o,Sim,,N√£o,
16/07/2025 19:24:42,20,Mulher,Nenhum dos anteriores,,Para√≠ba ,Sim,Sim,Sim,5,"Ansiedade sobre o futuro, Medo de fazer escolhas erradas, Sentimento de fracasso, Compara√ß√£o com outras pessoas, Falta de prop√≥sito, Vontade de recome√ßar do zero",Sim,Talvez,N√£o fa√ßo ideia,5,Sim,"Tenho vontade, mas n√£o tenho acesso",Nunca parei pra pensar nisso,N√£o,,Em parte,
16/07/2025 19:32:30,23,Mulher,Trabalha,,PB,N√£o,Sim,Sim,5,"Ansiedade sobre o futuro, Medo de fazer escolhas erradas, Sentimento de fracasso, Compara√ß√£o com outras pessoas, Falta de prop√≥sito, Vontade de recome√ßar do zero",Sim,Sim,N√£o fa√ßo ideia,5,Sim,N√£o,Nunca parei pra pensar nisso,Sim,Me sinto triste e sobrecarregada pois queria estar no auge da vida mas me sinto sem objetivo ,N√£o,
16/07/2025 19:37:36,21,Mulher,Estuda,UFPB,Para√≠ba ,"J√° ouvi, mas n√£o sei exatamente o que √©",Sim,Sim,4,"Ansiedade sobre o futuro, Medo de fazer escolhas erradas, Sentimento de fracasso, Compara√ß√£o com outras pessoas",Sim,Talvez,Tenho uma ideia geral,5,Sim,Sim,N√£o,Sim,"Minhas intera√ß√µes mudaram drasticamente devido √† falta de tempo livre, al√©m do cansa√ßo e do estresse cotidiano que impedem certas intera√ß√µes saud√°veis com outras pessoas.",N√£o,Nada a declarar
16/07/2025 20:28:07,23 anos,Mulher,Estuda e trabalha,UFPB,Para√≠ba ,"J√° ouvi, mas n√£o sei exatamente o que √©",Sim,Sim,5,"Ansiedade sobre o futuro, Medo de fazer escolhas erradas, Sentimento de fracasso, Compara√ß√£o com outras pessoas, Falta de prop√≥sito",Sim,Sim,Tenho uma ideia geral,5,Sim,"Tenho vontade, mas n√£o tenho acesso",Nunca parei pra pensar nisso,Sim,"N√£o consigo ter vida pessoal, divido o meu tempo com o trabalho e o estudo. N√£o sobra tempo para mim, t√£o pouco para os outros.",N√£o,"Quando somos crian√ßas, temos uma imagem da vida adulta como um momento de apenas realiza√ß√µes. √â quando vamos ter um carro, uma casa, uma fam√≠lia como as das s√©ries. N√£o tem a parte dif√≠cil, n√£o nos preparamos para essa parte."
16/07/2025 20:43:04,33,Homem,Trabalha,,Para√≠ba ,Sim,Sim,Sim,3,"Ansiedade sobre o futuro, Sentimento de fracasso, Compara√ß√£o com outras pessoas",Sim,Sim,Tenho uma ideia geral,5,N√£o,N√£o,N√£o,Sim,Cada um apenas pensa em si pr√≥prio. Ningu√©m se importa com ningu√©m no fim das contas. Talvez exceto a pr√≥pria fam√≠lia as vezes e pouqu√≠ssimos amigos.,N√£o,A vida foi apenas me levando. A regra √© o descontrole. Nada saiu como o esperado. Houveram muitas sortes no percurso e as dificuldades foram aprendizagem. Mas no geral isso n√£o √© a regra para a maioria e muitos est√£o sofrendo hoje em dia. Comigo est√° tudo bem e com o mundo tudo mal.
16/07/2025 20:44:46,22,Mulher,Estuda,UFPB,Paraiba ,N√£o,Sim,Sim,5,"Ansiedade sobre o futuro, Medo de fazer escolhas erradas, Sentimento de fracasso, Compara√ß√£o com outras pessoas, Falta de prop√≥sito, Vontade de recome√ßar do zero",Sim,Sim,N√£o fa√ßo ideia,5,Sim,"Tenho vontade, mas n√£o tenho acesso",N√£o,Sim,,N√£o,
16/07/2025 21:02:04,21 anos,Mulher,Estuda e trabalha,UFPB,Para√≠ba ,N√£o,Sim,Sim,3,"Ansiedade sobre o futuro, Medo de fazer escolhas erradas, Sentimento de fracasso, Compara√ß√£o com outras pessoas, Vontade de recome√ßar do zero",Sim,Sim,Tenho uma ideia geral,4,Sim,Sim,N√£o,Sim,"Me mudei de estado e mal tenho amizades novas em Jo√£o Pessoa (onde eu estudo). Al√©m disso, as poucas pessoas que me aproximei no curso, trancaram, ent√£o estou praticamente sozinha pela Universidade. Fora isso, conhecer novas pessoas est√° fora da realidade, pois tendo que conciliar faculdade e as aulas que dou, os momentos ""livres"" que tenho s√£o para realizar atividades da faculdade, cuidar da casa e descansar.",N√£o,"Sinceramente, n√£o imaginava que a rotina de estudar, cuidar da casa e trabalhar seria algo t√£o corrido e dif√≠cil de conciliar com a vida social e sa√∫de psicol√≥gica. Tudo precisa de tempo, de organiza√ß√£o, e querendou ou n√£o, esfor√ßo."
16/07/2025 22:44:47,18,Homem,Estuda,UFPB,Para√≠ba ,Sim,Sim,Sim,3,"Ansiedade sobre o futuro, Medo de fazer escolhas erradas, Sentimento de fracasso, Compara√ß√£o com outras pessoas, Falta de prop√≥sito, Vontade de recome√ßar do zero",Sim,N√£o,Tenho uma ideia geral,4,Sim,N√£o,Sim,Sim,,N√£o,
16/07/2025 22:45:15,17,Homem,Estuda,UFPB,Para√≠ba ,N√£o,Sim,Sim,4,"Medo de fazer escolhas erradas, Sentimento de fracasso, Compara√ß√£o com outras pessoas, Falta de prop√≥sito",Sim,N√£o,Tenho uma ideia geral,2,N√£o,N√£o,Sim,Sim,"Minha vida social est√° boa, a familiar tbm e meu relacionamento est√° bem estruturado.",N√£o,"Eu j√° pensei em muitas profiss√µes e acabei parando aqui, ent√£o foi diferentes escolhas e mudan√ßas."
16/07/2025 22:51:37,18,Mulher,Estuda e trabalha,UFPB,Paraiba ,Sim,Sim,Sim,4,"Ansiedade sobre o futuro, Medo de fazer escolhas erradas, Sentimento de fracasso, Falta de prop√≥sito",N√£o,N√£o,N√£o fa√ßo ideia,3,N√£o,N√£o,Sim,Sim,,N√£o,
16/07/2025 23:05:11,20,Homem,Estuda,UFPB,Para√≠ba ,N√£o,N√£o,Sim,4,"Ansiedade sobre o futuro, Medo de fazer escolhas erradas, Sentimento de fracasso, Compara√ß√£o com outras pessoas, Vontade de recome√ßar do zero",Sim,Sim,"Sim, com clareza",1,N√£o,N√£o,Nunca parei pra pensar nisso,Sim,"Sim, tipo n√£o consigo mais ir pra tantas festas como eu ia antes da facul, n√£o consigo conciliar t√£o bem a facul com meu esportes e minha fam√≠lia e etc.",N√£o,"Eu nunca imaginei muito do meu futuro acad√™mico e profissional, eu sempre fui um cara de viver o q est√° acontecendo e √© isso."
16/07/2025 23:09:17,18,Homem,Estuda,UFPB,para√≠ba ,"J√° ouvi, mas n√£o sei exatamente o que √©",Sim,Sim,5,"Ansiedade sobre o futuro, Sentimento de fracasso, Compara√ß√£o com outras pessoas",Sim,Sim,N√£o fa√ßo ideia,2,Sim,N√£o,Nunca parei pra pensar nisso,N√£o,ta de boa at√© agr,N√£o,
16/07/2025 23:26:00,23,Mulher,Estuda,UFPB,PB,Sim,Sim,Sim,3,"Ansiedade sobre o futuro, Medo de fazer escolhas erradas",Sim,N√£o,Tenho uma ideia geral,4,Sim,Sim,N√£o,Sim,,Em parte,
17/07/2025 04:54:43,18,Homem,Estuda,UFPB,Para√≠ba ,N√£o,Sim,Sim,3,"Ansiedade sobre o futuro, Compara√ß√£o com outras pessoas",N√£o,N√£o,Tenho uma ideia geral,1,N√£o,N√£o,Sim,N√£o,Em geral s√≥ consegui novos amigos e pessoas com quem converso interajo,N√£o,Eu nunca imaginei com exatid√£o estar a aonde estou estudando na ufpb no estado da Para√≠ba n√£o imaginava isso
17/07/2025 07:03:45,23,Mulher,Estuda,UFPB,paraiba ,Sim,Sim,Sim,3,"Falta de prop√≥sito, Vontade de recome√ßar do zero",Sim,Sim,Tenho uma ideia geral,3,N√£o,N√£o,Nunca parei pra pensar nisso,Sim,,Em parte,
17/07/2025 07:23:55,20,Mulher,Estuda,UFPB,Paraiba,"J√° ouvi, mas n√£o sei exatamente o que √©",Sim,N√£o,5,"Ansiedade sobre o futuro, Medo de fazer escolhas erradas, Compara√ß√£o com outras pessoas, Vontade de recome√ßar do zero",Sim,N√£o,N√£o fa√ßo ideia,1,N√£o,"Tenho vontade, mas n√£o tenho acesso",Nunca parei pra pensar nisso,Sim,,Em parte,
17/07/2025 07:39:49,20 anos ,Mulher,Estuda,UFPB,Para√≠ba ,"J√° ouvi, mas n√£o sei exatamente o que √©",Sim,Sim,3,"Ansiedade sobre o futuro, Medo de fazer escolhas erradas",Sim,Talvez,Tenho uma ideia geral,3,N√£o,"Tenho vontade, mas n√£o tenho acesso",Nunca parei pra pensar nisso,Sim,,N√£o,
17/07/2025 10:45:20,19,Mulher,Estuda,UFPB,Para√≠ba,Sim,Sim,Sim,4,"Ansiedade sobre o futuro, Medo de fazer escolhas erradas, Compara√ß√£o com outras pessoas",Sim,Sim,Tenho uma ideia geral,4,N√£o,N√£o,Nunca parei pra pensar nisso,Sim,Agora o estudo n√£o √© mais simplista como no col√©gio. √â preciso estudar e estudar a quase todo momento,Em parte,
17/07/2025 10:46:28,23,Mulher,Estuda,FACULDADE DE CIENCIAS MEDICAS DA PARAIBA,Para√≠ba ,Sim,Sim,Sim,3,"Ansiedade sobre o futuro, Medo de fazer escolhas erradas, Compara√ß√£o com outras pessoas",Sim,Sim,Tenho uma ideia geral,4,N√£o,Sim,N√£o,Sim,"Eu fa√ßo medicina ent tenho que me dispor quase 100% para ele devido a concilia√ß√£o entre carga hor√°ria da faculdade e tempo de estudo, sem falar em manter uma qualidade de vida pra n√£o enlouquecer, ent me relacionar com pessoas que n√£o entendem a rotina √© muito ruim e acaba sendo um incomodo quando na verdade era pra ser algu√©m que esteja do seu lado. Al√©m disso, no meu caso, n√£o moro na mesma cidade que minha fam√≠lia, ent√£o perco contato com a maioria n√£o consigo ficar por dentro das conversas familiares mesmo que criem grupos, √© bem diferente ent da um afastamento tbm e querendo ou n√£o as amizades criam seus outros rumos .",N√£o,
17/07/2025 10:53:57,20,Homem,Estuda,UFPB,Para√≠ba,Sim,Sim,Sim,4,"Ansiedade sobre o futuro, Medo de fazer escolhas erradas, Falta de prop√≥sito",N√£o,Sim,Tenho uma ideia geral,4,Sim,Sim,Nunca parei pra pensar nisso,Sim,"Sinto que as coisas acontecem muito rapidamente, as vezes n√£o d√° tempo de respirar. O ter que escolher entre muitas vezes estar com amigos ou focar em projetos futuros √© angustiante. O medo de perder amizades por conta da carreira profissional vem as vezes.",N√£o,"Nunca me imaginei seguindo carreira em humanas. Quando mudava muito de profiss√£o, por√©m a vida me levou a lugares diferentes do que eu imaginava"
17/07/2025 11:53:53,20,Mulher,Estuda,UFPB,Para√≠ba ,Sim,Sim,Sim,3,"Ansiedade sobre o futuro, Medo de fazer escolhas erradas, Sentimento de fracasso, Compara√ß√£o com outras pessoas",Sim,N√£o,N√£o fa√ßo ideia,4,Sim,Sim,N√£o,Sim,,Em parte,
17/07/2025 13:27:59,21,Homem,Estuda e trabalha,UFPB,Paraiba,Sim,Sim,Sim,5,"Ansiedade sobre o futuro, Medo de fazer escolhas erradas, Vontade de recome√ßar do zero",Sim,Sim,Tenho uma ideia geral,1,N√£o,N√£o,Nunca parei pra pensar nisso,Sim,,N√£o,
17/07/2025 18:06:09,22,Homem,Estuda,UFPB,PB,N√£o,Sim,Sim,2,"Ansiedade sobre o futuro, Compara√ß√£o com outras pessoas",N√£o,N√£o,Tenho uma ideia geral,3,N√£o,N√£o,Nunca parei pra pensar nisso,Sim,,N√£o,
19/07/2025 11:03:32,21,Mulher,Estuda,UFPB,PB,Sim,Sim,Sim,4,"Ansiedade sobre o futuro, Medo de fazer escolhas erradas, Sentimento de fracasso, Compara√ß√£o com outras pessoas, Vontade de recome√ßar do zero",Sim,Sim,Tenho uma ideia geral,3,Sim,Sim,N√£o,Sim,,Em parte,
19/07/2025 11:30:19,18,Mulher,Estuda,UFPB,Para√≠ba,Sim,Sim,Sim,5,"Ansiedade sobre o futuro, Medo de fazer escolhas erradas, Sentimento de fracasso, Compara√ß√£o com outras pessoas, Vontade de recome√ßar do zero",Sim,Talvez,Tenho uma ideia geral,3,N√£o,Sim,Nunca parei pra pensar nisso,Sim,,Em parte,
19/07/2025 11:45:37,20,Mulher,Estuda e trabalha,UFPB,Para√≠ba ,"J√° ouvi, mas n√£o sei exatamente o que √©",Sim,Sim,4,"Ansiedade sobre o futuro, Medo de fazer escolhas erradas, Sentimento de fracasso, Falta de prop√≥sito, Vontade de recome√ßar do zero",Sim,Sim,N√£o fa√ßo ideia,1,Sim,N√£o,Nunca parei pra pensar nisso,Sim,,N√£o,
19/07/2025 11:59:19,20,Mulher,Estuda e trabalha,UFPB,Paraiba,Sim,Sim,Sim,3,"Ansiedade sobre o futuro, Sentimento de fracasso, Compara√ß√£o com outras pessoas, Falta de prop√≥sito, Vontade de recome√ßar do zero",Sim,Talvez,N√£o fa√ßo ideia,5,Sim,"Tenho vontade, mas n√£o tenho acesso",N√£o,Sim,,Sim,
19/07/2025 12:08:50,29,Mulher,Estuda,UEPB,Para√≠ba,N√£o,Sim,Sim,5,"Ansiedade sobre o futuro, Medo de fazer escolhas erradas, Sentimento de fracasso, Compara√ß√£o com outras pessoas, Falta de prop√≥sito, Vontade de recome√ßar do zero",Sim,Sim,N√£o fa√ßo ideia,5,Sim,N√£o,N√£o,Sim,,N√£o,"N√£o sei se essa pesquisa se encaixa a mim que estou perto dos 30, mas os sentimentos n√£o mudaram pra quando eu tinha 20 ou 25, sempre as mesmas incertezas. Eu imaginava que com 20 anos eu estaria com a vida feita, bem diferente do que √© hoje.  "
19/07/2025 13:09:13,25,Mulher,Estuda e trabalha,UFPB,Para√≠ba ,Sim,Sim,Sim,3,"Ansiedade sobre o futuro, Sentimento de fracasso, Compara√ß√£o com outras pessoas, Falta de prop√≥sito",N√£o,N√£o,Tenho uma ideia geral,2,N√£o,"Tenho vontade, mas n√£o tenho acesso",N√£o,Sim,Me afastei completamente dos meus amigos pois n√£o consigo ter tempo para v√™-los. N√£o visito mais minha fam√≠lia porque meus finais de semana s√£o momentos de estudo.,Em parte,"Quando eu era crian√ßa imaginava fazer algo importante para o mundo e ter conquistado algumas coisas. Mas n√£o fazia ideia, por exemplo, que n√£o estaria formada aos 25 anos ou que teria t√£o poucos amigos. Al√©m disso, achei que conseguiria comprar uma casa para morar."
19/07/2025 13:20:00,28,Mulher,Estuda,UFPB,Para√≠ba ,"J√° ouvi, mas n√£o sei exatamente o que √©",Sim,Sim,5,"Ansiedade sobre o futuro, Medo de fazer escolhas erradas, Sentimento de fracasso, Compara√ß√£o com outras pessoas, Falta de prop√≥sito, Vontade de recome√ßar do zero",N√£o,Sim,Tenho uma ideia geral,5,Sim,Sim,N√£o,Sim,"N√£o conseguir cuidar da vida financeira, filhos, casa e a vida academica",N√£o,Imaginava com uma vida melhor e com uma estrutura√ß√£o financeira agrad√°vel nesta etapa
19/07/2025 13:27:18,20,Homem,Estuda,UFPB,Para√≠ba,N√£o,Sim,Sim,5,"Ansiedade sobre o futuro, Medo de fazer escolhas erradas, Sentimento de fracasso, Compara√ß√£o com outras pessoas",Sim,Talvez,Tenho uma ideia geral,1,Sim,N√£o,N√£o,Sim,,N√£o,
19/07/2025 19:56:55,20,Mulher,Estuda,UFPB,Paraiba.,N√£o,Sim,N√£o,5,"Ansiedade sobre o futuro, Medo de fazer escolhas erradas, Sentimento de fracasso, Vontade de recome√ßar do zero",Sim,Sim,Tenho uma ideia geral,2,Sim,Sim,N√£o,Sim,√â dif√≠cil interagir com a mente em colapso.,N√£o,
20/07/2025 09:51:53,20,Mulher,Estuda,UFPB,Pernambuco e Para√≠ba,Sim,Sim,Sim,5,"Ansiedade sobre o futuro, Medo de fazer escolhas erradas, Sentimento de fracasso, Compara√ß√£o com outras pessoas, Falta de prop√≥sito, Vontade de recome√ßar do zero",Sim,Sim,N√£o fa√ßo ideia,3,Sim,"Tenho vontade, mas n√£o tenho acesso",N√£o,Sim,,N√£o,
20/07/2025 15:54:17,20,Mulher,Estuda,UFPB,Para√≠ba ,N√£o,N√£o,N√£o,4,"Ansiedade sobre o futuro, Medo de fazer escolhas erradas, Sentimento de fracasso, Compara√ß√£o com outras pessoas, Falta de prop√≥sito, Vontade de recome√ßar do zero",Sim,Sim,N√£o fa√ßo ideia,3,Sim,N√£o,N√£o,Sim,,Sim,
20/07/2025 22:50:57,20,Mulher,Estuda e trabalha,UFPB,Para√≠ba ,Sim,Sim,Sim,4,"Ansiedade sobre o futuro, Medo de fazer escolhas erradas, Sentimento de fracasso, Compara√ß√£o com outras pessoas",Sim,Sim,Tenho uma ideia geral,2,Sim,"Tenho vontade, mas n√£o tenho acesso",Nunca parei pra pensar nisso,Sim,"n√£o conseguir conciliar vida social e acad√™mica, principalmente com o trabalho √© extremamente cansativo e desgastante ",Em parte,
21/07/2025 13:43:34,23,Mulher,Estuda e trabalha,UFPB,para√≠ba,"J√° ouvi, mas n√£o sei exatamente o que √©",Sim,Sim,5,"Ansiedade sobre o futuro, Medo de fazer escolhas erradas, Sentimento de fracasso, Falta de prop√≥sito, Vontade de recome√ßar do zero",Sim,Sim,Tenho uma ideia geral,4,Sim,N√£o,N√£o,Sim,"Sinto o afastamento de todos aqueles que amo por n√£o ter tempo de ser uma boa estudante, boa funcion√°ria, boa amiga e boa familiar ao mesmo tempo",N√£o,"Gostaria de estar feliz. Eu imaginava que viveria uma vida adulta tranquila, feliz, com tempo para usufruir da companhia daqueles que amo. infelizmente, n√£o consigo"
22/07/2025 09:49:12,20,Homem,Estuda,UFPB,Para√≠ba,"J√° ouvi, mas n√£o sei exatamente o que √©",Sim,Sim,3,"Ansiedade sobre o futuro, Medo de fazer escolhas erradas, Sentimento de fracasso, Compara√ß√£o com outras pessoas, Falta de prop√≥sito",Sim,Sim,Tenho uma ideia geral,3,Sim,Sim,Nunca parei pra pensar nisso,Sim,"Ser pressionado por familiares, faculdade pegando pesado nas mat√©rias etc..",N√£o,"Quando crian√ßa, eu pensei que aos meus +20, eu j√° teria um emprego, j√° saberia dirigir, j√° teria pelo menos uma namorada e tamb√©m minha pr√≥pria casa."
22/07/2025 15:28:57,25,Mulher,Estuda,UFPB,Para√≠ba ,"J√° ouvi, mas n√£o sei exatamente o que √©",Sim,Sim,5,"Ansiedade sobre o futuro, Medo de fazer escolhas erradas, Sentimento de fracasso, Compara√ß√£o com outras pessoas, Falta de prop√≥sito",Sim,Sim,Tenho uma ideia geral,5,Sim,N√£o,N√£o,Sim,,N√£o,
27/07/2025 13:13:54,22,Mulher,Estuda,UFPB,para√≠ba,"J√° ouvi, mas n√£o sei exatamente o que √©",Sim,Sim,5,"Ansiedade sobre o futuro, Sentimento de fracasso, Compara√ß√£o com outras pessoas, Falta de prop√≥sito",Sim,Talvez,Tenho uma ideia geral,5,Sim,Sim,Nunca parei pra pensar nisso,N√£o,,Em parte,
27/07/2025 13:15:31,20 anos,Mulher,Estuda,UFPB,Para√≠ba,Sim,Sim,Sim,4,"Ansiedade sobre o futuro, Medo de fazer escolhas erradas, Sentimento de fracasso, Compara√ß√£o com outras pessoas, Falta de prop√≥sito, Vontade de recome√ßar do zero",Sim,Sim,Tenho uma ideia geral,5,Sim,Sim,Nunca parei pra pensar nisso,Sim,,N√£o,
27/07/2025 13:15:34,21,Mulher,Estuda,UFPB,PB,Sim,Sim,Sim,3,"Ansiedade sobre o futuro, Medo de fazer escolhas erradas, Sentimento de fracasso, Compara√ß√£o com outras pessoas",Sim,Talvez,Tenho uma ideia geral,3,Sim,"Tenho vontade, mas n√£o tenho acesso",Nunca parei pra pensar nisso,Sim,Estar longe da minha fam√≠lia e amigos,Sim,
27/07/2025 13:17:22,18,Mulher,Estuda e trabalha,UFPB,pb,Sim,Sim,Sim,5,"Ansiedade sobre o futuro, Medo de fazer escolhas erradas, Compara√ß√£o com outras pessoas, Falta de prop√≥sito, Vontade de recome√ßar do zero",Sim,Sim,Tenho uma ideia geral,3,Sim,"Tenho vontade, mas n√£o tenho acesso",Nunca parei pra pensar nisso,Sim,,N√£o,
27/07/2025 13:17:38,18,Mulher,Trabalha,,Pb,"J√° ouvi, mas n√£o sei exatamente o que √©",Sim,Sim,5,"Ansiedade sobre o futuro, Medo de fazer escolhas erradas, Sentimento de fracasso, Compara√ß√£o com outras pessoas",Sim,N√£o,N√£o fa√ßo ideia,3,Sim,"Tenho vontade, mas n√£o tenho acesso",Nunca parei pra pensar nisso,Sim,Perdi muitos momentos com minha fam√≠lia por conta de trabalho ,Em parte,
27/07/2025 13:22:36,22,Mulher,Estuda,UFPB,Para√≠ba ,Sim,Sim,Sim,5,"Ansiedade sobre o futuro, Medo de fazer escolhas erradas, Sentimento de fracasso, Compara√ß√£o com outras pessoas",Sim,Sim,Tenho uma ideia geral,4,Sim,Sim,Nunca parei pra pensar nisso,Sim,"S√£o muitas quebras de expectativas quando voc√™ chega nessa idade, s√£o muitas incertezas, e √†s vezes a gente n√£o sabe se estamos fazendo certo, se estamos sendo adultos direito. Me sinto uma crian√ßa que precisa de cuidado ou pode explodir a qualquer momento. √â uma fase muito inst√°vel, mudan√ßas acontecendo o tempo inteiro e isso mexe muito com o nosso emocional, justamente por isso de n√£o conseguir conciliar tudo, de se sentir inferior e incapaz. ",N√£o,
27/07/2025 13:22:48,29,Mulher,Estuda e trabalha,UFPB,Para√≠ba ,Sim,Sim,Sim,4,"Ansiedade sobre o futuro, Medo de fazer escolhas erradas, Sentimento de fracasso, Compara√ß√£o com outras pessoas",Sim,Talvez,Tenho uma ideia geral,4,Sim,"Tenho vontade, mas n√£o tenho acesso",Sim,Sim,"√â dif√≠cil ter acesso e tempo para academia, terapia, vida social para sair com amigos, quando se precisa trabalhar e estudar.",N√£o,"H√° 20 anos atr√°s imaginava est√° est√°vel financeiramente, com a casa pr√≥pria, carro pr√≥prio. Acredito que muitos dessa √©poca sonhava e foi criado com esses ideais. Hoje, mesmo sem ter parado de correr atr√°s nem por um momento s√≥, esse sonho n√£o s√≥ parece distante, como parece imposs√≠vel. E fica a sensa√ß√£o de ter correr atr√°s, pra conseguir pelo menos viver um dia ap√≥s o outro sem se sentir soterrado."
27/07/2025 13:27:38,24,Mulher,Estuda,UFPB,para√≠ba,Sim,Sim,Sim,5,"Ansiedade sobre o futuro, Medo de fazer escolhas erradas, Sentimento de fracasso, Compara√ß√£o com outras pessoas, Falta de prop√≥sito",Sim,Sim,Tenho uma ideia geral,5,Sim,Sim,Sim,Sim,rede de apoio em rela√ß√£o a universidade,N√£o,inseguran√ßa em rela√ß√£o ao futuro e falta de estimulos em rela√ß√£o a tudo
27/07/2025 13:29:23,22,Mulher,Estuda,UFPB,Para√≠ba ,Sim,Sim,N√£o,4,"Ansiedade sobre o futuro, Medo de fazer escolhas erradas, Sentimento de fracasso, Compara√ß√£o com outras pessoas",Sim,Sim,Tenho uma ideia geral,3,Sim,Sim,N√£o,Sim,"Estresse gritante entre professores e alunos, n√£o tenho sa√∫de mental para lidar com quest√µes familiares, ent√£o tive que escolher entre ser respons√°vel com minha fam√≠lia ou ser respons√°vel com a universidade e escolhi a universidade.",N√£o,
27/07/2025 13:35:21,19,Mulher,Estuda,UFPB,Para√≠ba,Sim,Sim,Sim,4,"Ansiedade sobre o futuro, Medo de fazer escolhas erradas, Sentimento de fracasso, Compara√ß√£o com outras pessoas, Falta de prop√≥sito, Vontade de recome√ßar do zero",Sim,Sim,N√£o fa√ßo ideia,5,Sim,N√£o,Nunca parei pra pensar nisso,Sim,,Em parte,
27/07/2025 13:48:45,20,Mulher,Estuda,UFPB,Para√≠ba,N√£o,Sim,Sim,3,"Medo de fazer escolhas erradas, Sentimento de fracasso, Compara√ß√£o com outras pessoas",N√£o,N√£o,Tenho uma ideia geral,3,Sim,N√£o,Nunca parei pra pensar nisso,Sim,,N√£o,
27/07/2025 14:17:59,23,Mulher,Estuda,UFPB,PB,Sim,Sim,Sim,3,"Ansiedade sobre o futuro, Medo de fazer escolhas erradas, Compara√ß√£o com outras pessoas",N√£o,N√£o,Tenho uma ideia geral,3,N√£o,"Tenho vontade, mas n√£o tenho acesso",N√£o,Sim,,Em parte,
27/07/2025 14:28:56,20,Mulher,Estuda,UFPB,Para√≠ba ,Sim,Sim,Sim,5,Ansiedade sobre o futuro,Sim,N√£o,Tenho uma ideia geral,4,Sim,Sim,N√£o,Sim,"Estudo integral, n√£o consigo conciliar com emprego, n√£o consigo manter hobbys nesse tempo, saio muito pouco, meus familiares me apoiam financeiramente pra continuar a universidade e sinto que n√£o meu esfor√ßo ou nada que fizer vai ser suficiente pra ""retribuir"". Vim de outra cidade, minha fam√≠lia n√£o est√° por perto, nem amigos nem namorado. ",Sim,
27/07/2025 15:19:42,20,Mulher,Estuda,UFPB,PB,"J√° ouvi, mas n√£o sei exatamente o que √©",Sim,Sim,1,"Medo de fazer escolhas erradas, Sentimento de fracasso",N√£o,N√£o,"Sim, com clareza",1,N√£o,"Tenho vontade, mas n√£o tenho acesso",Nunca parei pra pensar nisso,N√£o,"Como estou na universidade, tenho tido mais tempo para a vida acad√™mica do que para a social, al√©m disso, moro longe dos meus amigos e familiares devido a universidade o que pode me afetar.",Em parte,"N√£o, em partes imaginava que estaria na universidade, n√£o no curso atual, mas em outro. N√£o imaginava estar casada, apenas ap√≥s meus 22 anos. Sou bem decidida, ent√£o muita coisa eu alinhei na minha adolesc√™ncia para meu futuro atual ou que eu alcan√ßasse certos objetivos nesta idade. "
27/07/2025 15:25:11,20,Homem,Estuda,UFPB,PB,"J√° ouvi, mas n√£o sei exatamente o que √©",Sim,N√£o,2,"Ansiedade sobre o futuro, Sentimento de fracasso",N√£o,N√£o,"Sim, com clareza",1,N√£o,"Tenho vontade, mas n√£o tenho acesso",Nunca parei pra pensar nisso,N√£o,,N√£o,"Tudo mudou as 13 anos, quando me tornei crente; antes disso n√£o imaginava est√° onde estou; digo isso por conta da escolhas que isso influenciou na minha vida. Escolha da minha parceira, de me casar, de seguir uma conduta diferente da maioria dos adolescentes de 13-14 anos. N√£o sei onde estarei se n√£o tivesse algo maior que eu mesmo guiando minha vida. "
27/07/2025 15:51:41,19,Mulher,Estuda,UFPB,pb,"J√° ouvi, mas n√£o sei exatamente o que √©",Sim,Sim,5,"Ansiedade sobre o futuro, Medo de fazer escolhas erradas, Sentimento de fracasso, Compara√ß√£o com outras pessoas, Falta de prop√≥sito, Vontade de recome√ßar do zero",Sim,Sim,Tenho uma ideia geral,5,Sim,Sim,Nunca parei pra pensar nisso,Sim,,Em parte,
